"","name","id","format","last_modified"
"1","ob_report_2016","1aec3589-ba65-447d-a92b-17216343e317","CSV",NA
"2","ob_report_2017","7d1124c7-d19b-42d0-9adc-f73c9803ba6f","CSV",NA
"3","ob_report_2018","26a2136c-5196-48cb-9665-a2fab58c1dfd","CSV",NA
"4","ob_report_2019","70e239c3-65d8-4ab7-8d6e-ff274751ce14","CSV",NA
"5","ob_report_2020","2bbbb602-f621-4f78-af5c-0d604fd63831","CSV",NA
"6","ob_report_2021","38516935-462d-4d00-baff-eee7fb0fa00d","CSV",NA
"7","ob_report_2022","0fc4b5e4-e6e8-41f7-a408-aa99f6806066","CSV",NA
"8","ob_report_2023","15ac28a1-ece5-4a97-8e72-11227be9f4f7","CSV",NA
"9","ob_report_2016.csv","04e2a0e8-364e-4853-be7c-108771616800","CSV",2023-01-20
"10","ob_report_2017.csv","651987a6-0d9b-460c-bdb1-ae84bf4f382f","CSV",2023-01-20
"11","ob_report_2018.csv","aefb2244-b9f1-417a-b4a9-dd197d89c5b2","CSV",2023-01-20
"12","ob_report_2019.csv","e810c8ab-3bea-469f-97ae-c8d238938b21","CSV",2023-01-20
"13","ob_report_2020.csv","8a3d830f-7783-4b9b-9011-3d78b9125194","CSV",2023-01-20
"14","ob_report_2021.csv","6b805d0c-9c8d-486e-914f-d789edd4e59a","CSV",2023-01-20
"15","ob_report_2022.csv","be1d2d2d-579b-4abb-931c-5a233ecdff49","CSV",2023-01-20
"16","ob_report_2023.csv","663292d2-3690-4007-96c3-a4a0d308dec3","CSV",2023-01-20
